"Model","BLEU Score","Exact Ordered Matches","Giveups","BLEU Score Excluding Giveups","Exact Ordered Matches Excluding Giveups"
"50d","0.039733558196489036","0.06911504669455747","0.933577324658768","0.8355084131420888","0.8294507944081897"
"100d","0.07057003382787418","0.11109487411438282","0.8553793536042058","0.6976923179267914","0.6471412551759311"
"200d","0.09446248951386456","0.12697421891871702","0.7500711600778462","0.5341045562556198","0.433173320916657"
"300d","0.10164560234118088","0.1297821659050836","0.718476080791955","0.5040302433768249","0.3920535043934294"
"Oracle","0.1025464014081762","0.129699272112989","0.7156188439597291","0.504141075607256","0.3911898900668218"
