"Model","BLEU Score"
"glove50",0.11081747544719919
"glove100",0.33190740464924795
"glove200",0.6861674754568605
"glove300",0.844582634764274
