Process,Perfect Sentences,BLEU Score,Portion Feasible,Portion Perfect (Feasible Only),BLEU Score (Feasible Only)
Ordering,0.665780794,0.805788563,0.99574027,0.668458612,0.809038486
Two Step,0.621600226,0.745459212,0.9371784,0.662563855,0.794654924
