"Process","Portion Perfect","BLEU Score","Portion Feasible","Portion Perfect (Feasible Only)","BLEU Score (Feasible Only)"
"Two Step","0.6216002261803788","0.7454592115273977","0.9371783997738197","0.662563855033989","0.7946549239829268"
"Ordering Only","0.6657807935161625","0.8057885631851138","0.9957402695316181","0.6684586117473358","0.8090384856281435"
