"Model","BLEU Score","Exact Matchs","Giveups","BLEU Score Excluding Giveups","Exact Matchs Excluding Giveups"
"glove50",0.11081747544719919,0.06273214994162388,0.8883766683256147,0.9920752142292841,0.11065787444285675
"glove100",0.33190740464924795,0.18695859829292344,0.6656816405213786,0.992324058028608,0.3296886524724448
"glove200",0.6861674754568605,0.3762025198082089,0.3034246817969815,0.9846003980086131,0.6634715937520844
"glove300",0.844582634764274,0.4573137404926265,0.14025647095176239,0.9820766892450947,0.80656724116484
