glove50_jaccard,glove100_jaccard,glove200_jaccard,glove300_jaccard
0.174779268,0.374284052,0.638591797,0.831252951
