Model,{Mean Jaccard Index Overall},Exact Matches,{Mean Jaccard Index on Shorter Sentences},{Exact Matches on Shorter Sentences}
glove50,0.174779268,0.062994001,0.22645952,0.111106446
glove100,0.374284052,0.193648224,0.524348827,0.341507453
glove200,0.638591797,0.447362156,0.870208978,0.753264749
glove300,0.831252951,0.703909152,0.984297581,0.955406257
