Wall time,Step,Value
1548422110.985699,1,0.19083909690380096
1548434884.839071,11,0.15292774140834808
1548440183.022832,21,0.14800018072128296
1548446207.045241,31,0.14776922762393951
1548453127.455354,1,0.19258904457092285
1548462499.435728,11,0.15370558202266693
