Wall time,Step,Value
1529440203.1611,1,0.18384869396686554
1529443885.531611,11,0.14958642423152924
1529447549.808683,21,0.14894478023052216
1529451643.135255,1,0.18469808995723724
1529455252.328062,11,0.15173068642616272
