Wall time,Step,Value
1529409680.153032,1,0.16678108274936676
1529409814.927144,11,0.13372813165187836
1529409951.425221,21,0.13222543895244598
1529410109.686375,1,0.16524766385555267
1529410244.318811,11,0.13452768325805664
1529410379.034733,21,0.13578175008296967
1529410514.138333,31,0.1334124058485031
