,AvgSimC,RefittedSim,Smoothing,Use Prior
AdaGram,0.538424026,0.6475371134, T, T 
AdaGram,0.3607130849,0.6502712539, T, F
AdaGram,0.4376926591,0.4783287944, F, T
AdaGram,0.2068642931,0.2412615774, F, F
Greedy,0.2358139982,0.4970381411, T,F
Greedy,0.222228482,0.4067564255, F,F
