"model"	"resolution"	"perp"	"msetopeak"	"perpsat"	"perphue"	"perpval"	"perpstd"
"GRU"	64	27.243940177480045	0.14256653864240346	41.83035351826448	15.353688215553092	31.48513079667489	0.4256865652731257
"Baseline"	64	27.185411089215336	0.13635443320177187	41.71739822700705	15.321913131443276	31.43239714353017	0.4247720482689896
"GRU"	256	106.66272239346563	0.15586710509241725	164.5246153330666	60.08814174922444	122.74910518834639	0.4166512593494751
"Baseline"	256	110.05348176781128	0.14889565768008212	167.5474170706018	62.92752931339291	126.42499437682751	0.4298964131555128
